[
  {
    "source": "Demo Marketplace",
    "category": "wood.chips",
    "subcategory": "alder",
    "title": "Щепа вільхи 1 кг фр.4–8",
    "brand": "Drevos",
    "unit": "1 кг",
    "qty": 1.0,
    "price": 139,
    "currency": "UAH",
    "seller": "ТОВ Ліс",
    "region": "Kyiv",
    "url": "https://demo.market/item/1"
  },
  {
    "source": "Demo Wholesale",
    "category": "salt.nitrite",
    "subcategory": "",
    "title": "Сіль нітритна 0.6% 10 кг",
    "brand": "Generic",
    "unit": "10 кг",
    "qty": 10.0,
    "price": 520,
    "currency": "UAH",
    "seller": "Опт-Логістика",
    "region": "Lviv",
    "url": "https://demo.wholesale/item/77"
  },
  {
    "source": "Demo Marketplace",
    "category": "casing",
    "subcategory": "collagen",
    "title": "Оболонка колагенова 25мм 20 м",
    "brand": "KolGen",
    "unit": "20 м",
    "qty": 20.0,
    "price": 180,
    "currency": "UAH",
    "seller": "FoodPack",
    "region": "Odesa",
    "url": "https://demo.market/item/22"
  }
]